id,first_name,last_name,email,gender,ip_address
1,Gertrud,Haining,ghaining0@discovery.com,Female,229.74.37.35
2,Jeramie,Petrazzi,jpetrazzi1@google.com.hk,Male,68.81.241.212
3,Ashlin,Scoular,ascoular2@hugedomains.com,Male,214.169.222.61
4,Coraline,Hendricks,chendricks3@acquirethisname.com,Female,150.73.116.22
5,Laird,Havile,lhavile4@surveymonkey.com,Agender,137.1.217.221
6,Bengt,O'Brian,bobrian5@google.ru,Male,92.252.128.65
7,Alden,Aloshechkin,aaloshechkin6@over-blog.com,Male,230.25.11.124
8,Bondie,Caville,bcaville7@harvard.edu,Male,22.160.40.199
9,Sheila,Schoales,sschoales8@mapquest.com,Female,226.247.86.12
10,Kacie,Cammock,kcammock9@pbs.org,Female,204.120.39.254
11,Erena,Lightning,elightninga@dot.gov,Female,182.246.6.175
12,Blakeley,Haycroft,bhaycroftb@miibeian.gov.cn,Female,184.168.140.174
13,Alwin,Jurczyk,ajurczykc@ocn.ne.jp,Male,114.87.3.30
14,Elsworth,Gornar,egornard@dedecms.com,Male,120.96.17.192
15,Ford,Lundbeck,flundbecke@google.com.hk,Male,76.50.246.25
16,Sansone,Rayburn,srayburnf@mozilla.org,Male,169.145.133.165
17,Rowen,O'Grada,rogradag@icio.us,Male,181.149.116.228
18,Godfry,Nicol,gnicolh@plala.or.jp,Male,232.87.126.211
19,Darryl,Hembry,dhembryi@usgs.gov,Female,252.161.41.98
20,Klarrisa,Chanter,kchanterj@nyu.edu,Genderqueer,114.255.152.48
21,Pat,Huntington,phuntingtonk@cafepress.com,Male,7.164.157.33
22,Dory,Chicchelli,dchicchellil@state.gov,Non-binary,99.230.196.85
23,Shela,Hepher,shepherm@moonfruit.com,Genderqueer,233.38.93.234
24,Lynsey,Mora,lmoran@businesswire.com,Female,54.118.160.93
25,Bambie,Smedmore,bsmedmoreo@cargocollective.com,Female,183.210.166.104
26,Dehlia,Hardwell,dhardwellp@dot.gov,Female,152.20.171.247
27,Taddeusz,Thoresby,tthoresbyq@wikimedia.org,Male,29.99.21.52
28,Pembroke,Juster,pjusterr@xrea.com,Male,148.27.80.154
29,Hermann,Scedall,hscedalls@github.io,Male,158.215.208.209
30,Shirleen,Kernaghan,skernaghant@ow.ly,Female,44.50.249.18
31,Earl,Cowdroy,ecowdroyu@nifty.com,Male,5.167.144.93
32,Raynor,Spottiswoode,rspottiswoodev@wufoo.com,Non-binary,134.254.167.144
33,Bellanca,Shimman,bshimmanw@histats.com,Female,73.161.204.245
34,Rosabelle,Dadge,rdadgex@miitbeian.gov.cn,Female,202.148.14.130
35,Spence,Stive,sstivey@reference.com,Male,126.151.171.34
36,Catlaina,Wickling,cwicklingz@time.com,Female,73.142.111.178
37,Adrea,Pybus,apybus10@accuweather.com,Bigender,145.216.78.33
38,Ashely,Hawarden,ahawarden11@reverbnation.com,Female,173.156.94.186
39,Francisca,Twigg,ftwigg12@cbc.ca,Female,252.55.183.57
40,Pat,Filippov,pfilippov13@thetimes.co.uk,Male,82.70.99.97
41,Dyan,Bodker,dbodker14@devhub.com,Female,183.21.139.152
42,Dorris,Yeowell,dyeowell15@de.vu,Female,233.239.213.216
43,Conn,Palfrie,cpalfrie16@bigcartel.com,Male,173.131.73.35
44,Barrett,Halcro,bhalcro17@indiegogo.com,Male,130.20.126.1
45,Alwyn,Cope,acope18@cornell.edu,Genderfluid,166.202.43.202
46,Annaliese,Maria,amaria19@eepurl.com,Female,37.205.40.191
47,Edouard,Blinco,eblinco1a@princeton.edu,Male,47.62.240.93
48,Matt,Arch,march1b@360.cn,Male,101.235.161.159
49,Judith,Mapston,jmapston1c@youtu.be,Female,105.215.55.225
50,Ansell,Hullock,ahullock1d@sina.com.cn,Male,118.123.209.57
51,Daisie,Gruby,dgruby1e@samsung.com,Female,243.212.165.249
52,Francesca,Durtnell,fdurtnell1f@npr.org,Female,98.173.93.191
53,Coral,Harwin,charwin1g@senate.gov,Female,8.154.17.223
54,Adrien,Endrighi,aendrighi1h@slate.com,Male,184.225.31.72
55,Johnathon,Hempel,jhempel1i@multiply.com,Male,199.29.71.147
56,Pauly,Crebott,pcrebott1j@canalblog.com,Non-binary,251.179.248.20
57,Johnath,Camilleri,jcamilleri1k@ox.ac.uk,Female,241.188.204.124
58,Claude,Ingraham,cingraham1l@issuu.com,Female,14.100.0.27
59,Dino,Pargetter,dpargetter1m@oracle.com,Male,178.60.193.210
60,Jody,Lambol,jlambol1n@epa.gov,Female,104.252.44.36
61,Fan,Cristoforetti,fcristoforetti1o@kickstarter.com,Female,150.174.186.248
62,Lemmy,Chew,lchew1p@linkedin.com,Male,141.57.110.253
63,Imojean,Bloss,ibloss1q@fastcompany.com,Female,253.236.205.112
64,Jeralee,Dust,jdust1r@sfgate.com,Female,51.182.45.159
65,Emmalynne,Brabender,ebrabender1s@ihg.com,Female,73.232.98.64
66,Suzann,Ismail,sismail1t@blinklist.com,Female,207.44.91.176
67,Jody,Abad,jabad1u@hao123.com,Male,146.21.26.49
68,Camel,Lesslie,clesslie1v@gizmodo.com,Female,62.55.175.68
69,Teriann,Cordoba,tcordoba1w@squidoo.com,Female,42.204.32.27
70,Gaultiero,Pedrick,gpedrick1x@foxnews.com,Male,155.151.156.213
71,Myrah,Westbrook,mwestbrook1y@cdbaby.com,Female,7.119.85.232
72,Kipper,Frankish,kfrankish1z@sogou.com,Male,26.20.68.191
73,Joann,Tattersdill,jtattersdill20@europa.eu,Female,75.235.48.152
74,Allard,Thunder,athunder21@independent.co.uk,Non-binary,59.124.17.46
75,Ida,Tween,itween22@flickr.com,Female,228.6.68.198
76,Jorry,Shelper,jshelper23@flickr.com,Agender,120.207.31.134
77,Ingeborg,Knellen,iknellen24@salon.com,Female,61.23.84.62
78,Dino,Roj,droj25@dion.ne.jp,Male,130.99.202.106
79,Reggie,Phipson,rphipson26@independent.co.uk,Polygender,135.62.186.245
80,Auria,Twinberrow,atwinberrow27@vimeo.com,Female,28.224.148.206
81,Sherlock,Conachie,sconachie28@github.com,Male,124.159.28.203
82,Zeke,Ducham,zducham29@cisco.com,Male,196.72.114.140
83,Annette,Nequest,anequest2a@washington.edu,Female,175.89.167.48
84,Chane,MacGregor,cmacgregor2b@behance.net,Male,228.143.106.94
85,Barth,Lemmon,blemmon2c@foxnews.com,Male,183.73.92.244
86,Darius,Tunno,dtunno2d@e-recht24.de,Male,128.236.116.94
87,Monica,Gatehouse,mgatehouse2e@g.co,Female,88.49.133.217
88,Hershel,Standidge,hstandidge2f@angelfire.com,Non-binary,181.146.77.204
89,Aldin,Extence,aextence2g@abc.net.au,Male,76.32.90.238
90,Thorndike,Schwandner,tschwandner2h@cisco.com,Male,91.132.207.85
91,Rickie,Duff,rduff2i@ibm.com,Non-binary,10.206.74.97
92,Ariel,Scallon,ascallon2j@redcross.org,Female,15.153.199.50
93,Garreth,Fosten,gfosten2k@joomla.org,Male,241.194.15.189
94,Sheila,Heggie,sheggie2l@webeden.co.uk,Female,221.67.8.56
95,Jameson,Baudoux,jbaudoux2m@blinklist.com,Male,215.141.24.171
96,Fran,Pover,fpover2n@huffingtonpost.com,Female,204.223.220.172
97,Darcy,Vampouille,dvampouille2o@goodreads.com,Male,162.222.49.51
98,Dolly,Kealey,dkealey2p@eepurl.com,Female,107.131.0.77
99,Anders,Linnett,alinnett2q@jiathis.com,Male,46.96.229.210
100,Orelie,Horrell,ohorrell2r@bbc.co.uk,Female,176.35.198.22
101,Zarla,Spandley,zspandley2s@dropbox.com,Female,125.215.104.139
102,Emelda,Gaddesby,egaddesby2t@seattletimes.com,Female,71.235.116.35
103,Jordan,Philipet,jphilipet2u@apple.com,Female,105.254.62.222
104,Tyler,Van Baaren,tvanbaaren2v@bigcartel.com,Male,73.240.21.142
105,Wallace,Barling,wbarling2w@bbc.co.uk,Male,38.237.208.3
106,Blinny,Puden,bpuden2x@icio.us,Female,135.125.252.239
107,Wolfy,Killingback,wkillingback2y@google.de,Male,225.39.90.51
108,Cobb,McTavy,cmctavy2z@xinhuanet.com,Male,179.11.67.166
109,Freddie,MacCafferky,fmaccafferky30@aol.com,Male,176.90.127.111
110,Sianna,Crowdy,scrowdy31@photobucket.com,Female,164.41.33.238
111,Florenza,Townsend,ftownsend32@jugem.jp,Female,61.182.254.142
112,Adolpho,Orman,aorman33@theatlantic.com,Male,90.242.212.31
113,Maddie,Lamas,mlamas34@google.de,Male,231.147.95.43
114,Petronella,Chessun,pchessun35@ftc.gov,Female,55.78.19.29
115,Thomasine,Seer,tseer36@51.la,Female,152.220.11.116
116,Meade,Hatter,mhatter37@senate.gov,Female,89.110.136.160
117,Brock,Gowdy,bgowdy38@nih.gov,Male,219.34.61.81
118,Edythe,Glynn,eglynn39@infoseek.co.jp,Female,152.162.252.103
119,Bendicty,Saurin,bsaurin3a@dailymotion.com,Male,230.19.229.211
120,Granville,Grenkov,ggrenkov3b@jimdo.com,Male,155.58.12.123
121,Bobbee,Smye,bsmye3c@wp.com,Female,210.89.185.106
122,Ronnie,Hews,rhews3d@cdc.gov,Female,216.167.214.6
123,Frederic,Sheppey,fsheppey3e@nps.gov,Male,120.64.60.143
124,Alyssa,Gaddes,agaddes3f@istockphoto.com,Female,17.235.7.200
125,Cody,Gurnett,cgurnett3g@tinypic.com,Female,212.124.208.149
126,Leandra,Toquet,ltoquet3h@mapy.cz,Female,231.199.34.52
127,Alfy,Coots,acoots3i@wiley.com,Male,111.242.63.118
128,Debor,Vecard,dvecard3j@bloglines.com,Female,26.252.249.167
129,Rurik,Geertz,rgeertz3k@princeton.edu,Male,254.237.34.171
130,Bellanca,Borit,bborit3l@skyrock.com,Female,195.21.153.1
131,Antoni,Axby,aaxby3m@sciencedaily.com,Genderfluid,86.143.18.150
132,Pasquale,Storton,pstorton3n@barnesandnoble.com,Male,141.55.193.125
133,Petunia,Sothcott,psothcott3o@google.co.jp,Female,180.91.140.77
134,Harli,Wynes,hwynes3p@netvibes.com,Female,153.227.150.206
135,Roseann,Dominelli,rdominelli3q@marketwatch.com,Female,66.38.84.176
136,Beryle,Canniffe,bcanniffe3r@example.com,Female,230.110.194.102
137,Ashbey,Gauvain,agauvain3s@tumblr.com,Male,218.217.83.59
138,Beitris,Dobing,bdobing3t@flickr.com,Female,51.131.106.58
139,Stanislaw,Cain,scain3u@pen.io,Male,147.232.138.83
140,Jaynell,Knuckles,jknuckles3v@godaddy.com,Female,255.233.220.7
141,Kalinda,Tupie,ktupie3w@dailymail.co.uk,Agender,142.126.39.59
142,Reynold,Gorst,rgorst3x@exblog.jp,Male,210.52.129.129
143,Sherrie,Downie,sdownie3y@addtoany.com,Female,225.66.253.44
144,Joya,Snozzwell,jsnozzwell3z@umich.edu,Female,177.170.28.242
145,Westleigh,Temblett,wtemblett40@fotki.com,Male,227.251.120.170
146,Robinett,Lamperti,rlamperti41@ft.com,Genderqueer,161.7.49.78
147,Kirstin,Kirsz,kkirsz42@umn.edu,Female,226.28.246.120
148,Berk,Witchard,bwitchard43@wunderground.com,Male,9.26.123.231
149,Shell,Asipenko,sasipenko44@51.la,Genderqueer,198.9.68.183
150,Hildegaard,Reder,hreder45@hp.com,Female,144.161.206.185
151,Gardiner,Leindecker,gleindecker46@barnesandnoble.com,Male,200.73.175.62
152,Franciskus,Swate,fswate47@hhs.gov,Male,37.56.153.188
153,Shermy,Tilbey,stilbey48@hostgator.com,Male,128.226.111.17
154,Raphael,Leppington,rleppington49@redcross.org,Male,6.101.184.187
155,Berti,Spier,bspier4a@uol.com.br,Male,16.77.120.126
156,Stanley,Squibbes,ssquibbes4b@joomla.org,Male,168.182.88.153
157,Vittorio,Stopper,vstopper4c@zdnet.com,Male,189.144.105.222
158,Shannon,Matussov,smatussov4d@meetup.com,Female,101.253.98.253
159,Fionna,Heritege,fheritege4e@wsj.com,Female,22.246.109.237
160,Elianora,Stranger,estranger4f@shutterfly.com,Female,218.232.230.145
161,Paulie,Manuel,pmanuel4g@bizjournals.com,Male,137.191.154.192
162,Beitris,Covert,bcovert4h@google.cn,Female,76.52.69.7
163,Rosalia,Pudge,rpudge4i@jigsy.com,Female,129.86.113.142
164,Kial,Imms,kimms4j@so-net.ne.jp,Bigender,84.172.134.208
165,Elayne,Kenafaque,ekenafaque4k@posterous.com,Female,188.159.13.167
166,Elijah,Hawkeridge,ehawkeridge4l@apple.com,Male,244.71.239.28
167,Rosalyn,Blockwell,rblockwell4m@amazon.co.uk,Female,240.58.227.106
168,Chicky,MacGraith,cmacgraith4n@fda.gov,Male,147.57.9.73
169,Benedikt,Rust,brust4o@opensource.org,Male,171.30.33.125
170,Mart,McClunaghan,mmcclunaghan4p@imdb.com,Male,142.51.196.41
171,Allx,Gaymar,agaymar4q@rakuten.co.jp,Female,109.85.18.31
172,Dagmar,Lukock,dlukock4r@google.com.br,Female,70.143.31.46
173,Cornall,Pappin,cpappin4s@feedburner.com,Male,17.129.113.85
174,Dario,Gresswood,dgresswood4t@newyorker.com,Male,27.219.78.224
175,Minda,Found,mfound4u@jimdo.com,Polygender,180.76.164.31
176,Doti,Sussams,dsussams4v@theatlantic.com,Female,85.69.4.208
177,Hagen,Abelson,habelson4w@globo.com,Male,233.205.83.31
178,Tasha,Klimkowski,tklimkowski4x@tinyurl.com,Female,201.224.145.153
179,Nicky,Brew,nbrew4y@chron.com,Female,212.212.240.183
180,Theadora,MacGaughey,tmacgaughey4z@usda.gov,Female,16.139.169.223
181,Keenan,Raynham,kraynham50@usa.gov,Male,255.140.255.233
182,Nerte,Drake,ndrake51@usgs.gov,Female,191.38.166.106
183,Erminia,Alekseev,ealekseev52@amazon.co.jp,Female,106.50.129.9
184,Hermy,Powers,hpowers53@cloudflare.com,Male,7.29.47.67
185,Kyla,McCarthy,kmccarthy54@google.ru,Female,110.142.169.132
186,Ottilie,Irvine,oirvine55@shareasale.com,Female,214.188.136.179
187,Merralee,Chill,mchill56@networksolutions.com,Agender,58.43.150.248
188,Ward,Mathe,wmathe57@berkeley.edu,Male,218.138.29.206
189,Madonna,Dommett,mdommett58@examiner.com,Female,237.177.218.7
190,Timoteo,Hallex,thallex59@bravesites.com,Male,29.199.236.254
191,Jabez,Gerault,jgerault5a@wikimedia.org,Male,65.22.179.112
192,Maryellen,Heeran,mheeran5b@google.fr,Female,68.172.170.171
193,Andonis,Adshad,aadshad5c@acquirethisname.com,Male,238.183.177.228
194,Florencia,Managh,fmanagh5d@walmart.com,Female,51.128.88.103
195,Angelo,Shyre,ashyre5e@blinklist.com,Male,103.159.229.91
196,Ottilie,Petrichat,opetrichat5f@plala.or.jp,Female,141.33.187.155
197,Ofelia,Badman,obadman5g@godaddy.com,Female,121.171.113.138
198,Lawry,Stockport,lstockport5h@usda.gov,Male,12.238.206.109
199,Mari,Hullot,mhullot5i@home.pl,Female,216.175.146.48
200,Inessa,Caddies,icaddies5j@usda.gov,Bigender,147.4.242.232
201,Morten,Pringer,mpringer5k@icio.us,Male,153.112.251.180
202,Barbey,Matyugin,bmatyugin5l@theatlantic.com,Female,174.233.43.1
203,Beverley,Woodhams,bwoodhams5m@ibm.com,Female,64.171.15.45
204,Darla,Koles,dkoles5n@kickstarter.com,Female,6.207.33.170
205,Stella,Pinch,spinch5o@si.edu,Genderqueer,63.152.67.56
206,Matthus,Marvell,mmarvell5p@tuttocitta.it,Male,224.186.251.155
207,Carma,Moggie,cmoggie5q@archive.org,Polygender,197.43.155.127
208,Dare,Dredge,ddredge5r@bloglines.com,Male,9.145.110.61
209,Derick,Von Hindenburg,dvonhindenburg5s@gravatar.com,Male,77.120.243.127
210,Berta,Tanner,btanner5t@dell.com,Female,35.39.101.244
211,Ruddy,Leversuch,rleversuch5u@go.com,Male,4.105.46.210
212,Karoline,Foxley,kfoxley5v@jugem.jp,Female,115.185.108.126
213,Ralph,Gregg,rgregg5w@zdnet.com,Male,59.127.255.133
214,Hewitt,Timperley,htimperley5x@gravatar.com,Male,185.157.242.31
215,Merrie,Boleyn,mboleyn5y@etsy.com,Agender,130.179.203.115
216,Minta,Litchfield,mlitchfield5z@un.org,Female,169.152.35.96
217,Salomone,Prowting,sprowting60@si.edu,Male,110.174.150.226
218,Charmain,Marklund,cmarklund61@clickbank.net,Female,16.230.147.204
219,Dorie,McCaughren,dmccaughren62@about.com,Female,224.202.168.226
220,Kevan,Mullin,kmullin63@xrea.com,Male,193.168.74.17
221,Lombard,Lumly,llumly64@about.com,Male,218.233.145.108
222,Aubrie,Phripp,aphripp65@hatena.ne.jp,Female,155.202.105.189
223,Quintilla,Riddock,qriddock66@mashable.com,Female,109.164.15.158
224,Gussie,Wooff,gwooff67@tinypic.com,Female,121.52.138.81
225,Colly,Balser,cbalser68@icq.com,Female,239.65.238.141
226,Desmund,Cardenas,dcardenas69@addthis.com,Male,71.149.79.4
227,Almeda,McCawley,amccawley6a@reverbnation.com,Female,169.95.96.1
228,Cobby,Carik,ccarik6b@ycombinator.com,Male,249.169.89.255
229,Matteo,O' Finan,mofinan6c@lycos.com,Male,23.181.45.222
230,Lilllie,Louch,llouch6d@furl.net,Female,215.47.180.22
231,Mona,Nannizzi,mnannizzi6e@list-manage.com,Female,126.180.30.28
232,Izak,Calvey,icalvey6f@de.vu,Male,6.154.11.22
233,Isa,Belchem,ibelchem6g@tuttocitta.it,Non-binary,133.205.161.89
234,Augusto,Izard,aizard6h@delicious.com,Male,185.167.236.246
235,Phillis,Lambrechts,plambrechts6i@mozilla.org,Female,1.172.147.38
236,Lonnie,Lathan,llathan6j@stanford.edu,Male,30.226.184.74
237,Yulma,Fahrenbacher,yfahrenbacher6k@edublogs.org,Male,84.171.22.175
238,Arvie,Posner,aposner6l@google.fr,Male,126.235.46.2
239,Brade,Lunn,blunn6m@topsy.com,Male,67.217.8.186
240,Fax,Dewfall,fdewfall6n@sfgate.com,Male,203.81.130.163
241,Quintina,Arnull,qarnull6o@vistaprint.com,Bigender,128.129.148.218
242,Hertha,Fitchett,hfitchett6p@craigslist.org,Agender,134.174.68.23
243,Simone,Cumes,scumes6q@skyrock.com,Female,7.213.72.124
244,Petronella,Reddin,preddin6r@bbc.co.uk,Female,68.126.222.10
245,Melba,Gourley,mgourley6s@google.de,Female,76.191.239.230
246,Meggi,Castanyer,mcastanyer6t@elpais.com,Female,48.146.217.208
247,Scottie,Duffet,sduffet6u@flickr.com,Male,235.95.65.60
248,Antonius,Krelle,akrelle6v@squarespace.com,Male,40.70.153.69
249,Chip,Ebbutt,cebbutt6w@bbb.org,Male,32.37.111.65
250,Isobel,Ayllett,iayllett6x@360.cn,Non-binary,196.158.237.99
251,Rodge,Lamborn,rlamborn6y@macromedia.com,Polygender,63.91.77.189
252,Kit,Wyd,kwyd6z@cdc.gov,Male,250.71.176.153
253,Luis,Hagley,lhagley70@engadget.com,Male,141.72.228.45
254,Rutter,Jacobsz,rjacobsz71@example.com,Male,92.153.103.50
255,Eliza,Marchenko,emarchenko72@imdb.com,Female,91.159.177.88
256,Spike,Sorsby,ssorsby73@gnu.org,Male,12.178.69.196
257,Page,Kynd,pkynd74@printfriendly.com,Male,35.219.125.228
258,Fee,Grinsdale,fgrinsdale75@cafepress.com,Male,8.19.14.119
259,Tammie,Westover,twestover76@nymag.com,Male,135.207.107.35
260,Stanton,Cornish,scornish77@independent.co.uk,Male,150.209.154.89
261,Piotr,Asey,pasey78@gnu.org,Bigender,15.30.113.201
262,Benoite,Spiers,bspiers79@wordpress.org,Female,148.90.49.227
263,Elliott,Pear,epear7a@lycos.com,Male,55.99.51.243
264,Ashley,Lovekin,alovekin7b@a8.net,Male,30.100.52.194
265,Normand,Yesson,nyesson7c@networksolutions.com,Male,38.15.172.253
266,Karrah,McGettrick,kmcgettrick7d@drupal.org,Female,151.122.5.126
267,Eugenius,Morrison,emorrison7e@storify.com,Male,237.102.75.164
268,Gamaliel,Elnor,gelnor7f@oaic.gov.au,Male,174.122.47.109
269,Jesselyn,Avis,javis7g@about.me,Female,149.113.147.129
270,Boyce,Pallas,bpallas7h@ihg.com,Male,106.50.18.182
271,Mamie,Tures,mtures7i@blogtalkradio.com,Female,237.198.255.13
272,Clarance,Hannis,channis7j@yolasite.com,Bigender,104.31.45.204
273,Horatius,Gamlyn,hgamlyn7k@abc.net.au,Male,218.80.188.180
274,Laurent,Southam,lsoutham7l@delicious.com,Male,5.92.233.231
275,Adrianna,Duckworth,aduckworth7m@unesco.org,Non-binary,245.14.93.233
276,Coriss,Larvent,clarvent7n@bigcartel.com,Female,192.82.169.15
277,Katina,Nys,knys7o@yellowpages.com,Female,232.27.159.236
278,Freddi,Lamlin,flamlin7p@tinyurl.com,Female,213.92.4.239
279,Merwin,Bowyer,mbowyer7q@telegraph.co.uk,Male,146.196.112.227
280,Evin,Watton,ewatton7r@jugem.jp,Male,208.223.106.146
281,Neill,Burgess,nburgess7s@elpais.com,Male,32.41.46.182
282,Roderigo,Tonbridge,rtonbridge7t@buzzfeed.com,Male,10.187.238.216
283,Darrel,Ringer,dringer7u@bravesites.com,Male,18.19.37.0
284,Maren,Klewi,mklewi7v@oaic.gov.au,Female,20.161.248.166
285,Peterus,Greenside,pgreenside7w@nyu.edu,Male,14.89.134.218
286,Baillie,Blew,bblew7x@plala.or.jp,Male,252.57.199.128
287,Antin,Hemphall,ahemphall7y@accuweather.com,Male,51.107.148.70
288,Kinny,Eddleston,keddleston7z@lycos.com,Male,118.177.131.121
289,Sonnie,Grosier,sgrosier80@meetup.com,Male,173.248.75.252
290,Noreen,Clapston,nclapston81@springer.com,Female,123.130.202.81
291,Rodd,Pawfoot,rpawfoot82@wikispaces.com,Male,90.79.70.7
292,Claribel,Woodwing,cwoodwing83@weebly.com,Female,13.161.187.41
293,Fifi,Muller,fmuller84@phoca.cz,Female,19.105.156.205
294,Kakalina,Purvey,kpurvey85@dailymail.co.uk,Female,199.164.93.202
295,Nicolas,Champion,nchampion86@examiner.com,Male,207.5.146.59
296,Meryl,Cobby,mcobby87@youtube.com,Non-binary,133.13.171.185
297,Ricky,Ovendon,rovendon88@omniture.com,Female,84.250.240.194
298,Hillyer,Ribou,hribou89@blogger.com,Male,53.214.182.136
299,Jesus,Blaxlande,jblaxlande8a@kickstarter.com,Male,178.254.254.235
300,Kerianne,Akett,kakett8b@state.tx.us,Female,11.144.139.217
301,Audra,Titmuss,atitmuss8c@flickr.com,Female,252.11.83.235
302,Dionis,Bowler,dbowler8d@omniture.com,Female,6.251.44.107
303,Fredia,Mochar,fmochar8e@bloglines.com,Female,171.119.233.73
304,Rois,Ary,rary8f@wunderground.com,Female,84.230.52.243
305,Yorgo,Steynor,ysteynor8g@toplist.cz,Male,145.166.101.39
306,Johnathon,Oylett,joylett8h@bravesites.com,Male,253.108.59.218
307,Alejandro,Dimanche,adimanche8i@dagondesign.com,Male,234.190.216.176
308,Merrel,Moxsom,mmoxsom8j@ucoz.ru,Male,153.187.168.66
309,Heida,Levecque,hlevecque8k@ow.ly,Genderqueer,243.213.6.43
310,Monro,Yuryaev,myuryaev8l@purevolume.com,Male,205.177.165.247
311,Scottie,Palfreeman,spalfreeman8m@state.tx.us,Male,234.235.83.179
312,Dulce,McTurk,dmcturk8n@hostgator.com,Female,104.69.72.27
313,Pernell,D'Agostino,pdagostino8o@examiner.com,Male,58.80.181.179
314,Sheryl,Pedican,spedican8p@posterous.com,Genderfluid,84.124.180.15
315,Celestyna,Fradgley,cfradgley8q@huffingtonpost.com,Female,98.172.174.151
316,Devonna,Pountain,dpountain8r@geocities.jp,Female,227.211.210.164
317,Linnea,Duthie,lduthie8s@amazonaws.com,Female,237.223.17.126
318,Pancho,Gerish,pgerish8t@latimes.com,Male,10.88.226.28
319,Michail,Althrop,malthrop8u@nytimes.com,Male,161.47.199.251
320,Lindsey,Mallaby,lmallaby8v@tinyurl.com,Female,250.168.170.207
321,Dru,O'Rowane,dorowane8w@gizmodo.com,Male,189.79.117.168
322,Mari,Keates,mkeates8x@nifty.com,Female,199.147.192.217
323,Christy,Keatch,ckeatch8y@yelp.com,Female,141.202.228.150
324,Nerissa,Lepope,nlepope8z@reuters.com,Female,46.78.100.134
325,Curcio,Ganter,cganter90@phoca.cz,Male,78.118.72.222
326,Amanda,Trewhella,atrewhella91@google.ca,Female,119.28.7.226
327,Constancia,Ivashechkin,civashechkin92@deliciousdays.com,Female,231.183.124.103
328,Estelle,Quennell,equennell93@usgs.gov,Female,184.25.232.171
329,Tracie,Harling,tharling94@homestead.com,Male,222.175.116.49
330,Tallia,Corragan,tcorragan95@furl.net,Female,53.94.167.28
331,Chrystel,Topling,ctopling96@soup.io,Female,16.248.89.158
332,Darnell,Parkhouse,dparkhouse97@illinois.edu,Male,33.23.87.186
333,Sidnee,Willavoys,swillavoys98@ovh.net,Male,79.103.16.6
334,Rudolfo,Whye,rwhye99@google.com,Male,131.18.250.1
335,Concettina,Bosson,cbosson9a@slate.com,Female,129.246.17.84
336,Horatio,Burbage,hburbage9b@so-net.ne.jp,Male,228.5.214.225
337,Tedmund,Selcraig,tselcraig9c@canalblog.com,Male,255.218.233.147
338,Iormina,Nardi,inardi9d@shinystat.com,Female,247.232.7.247
339,Jordanna,Sprulls,jsprulls9e@vkontakte.ru,Female,124.78.22.248
340,Adair,Gwioneth,agwioneth9f@ca.gov,Male,251.63.197.76
341,Winthrop,Sogg,wsogg9g@google.nl,Male,243.107.48.206
342,Cammy,O'Collopy,cocollopy9h@army.mil,Female,216.21.251.109
343,Devin,Starbucke,dstarbucke9i@baidu.com,Male,8.56.66.121
344,Laverne,Lergan,llergan9j@cpanel.net,Female,29.243.225.124
345,Jae,Purrier,jpurrier9k@cloudflare.com,Male,15.132.239.235
346,Ree,Garbar,rgarbar9l@spotify.com,Female,165.188.27.39
347,Sharity,Bisatt,sbisatt9m@aboutads.info,Female,161.197.179.225
348,Jefferson,Shurville,jshurville9n@mozilla.org,Male,66.188.238.234
349,Edy,Bloss,ebloss9o@domainmarket.com,Female,134.132.133.96
350,Bonny,Gaskill,bgaskill9p@stumbleupon.com,Female,98.51.251.180
351,Floria,Clarson,fclarson9q@usgs.gov,Female,235.222.94.122
352,Robby,Matei,rmatei9r@google.it,Female,31.246.138.72
353,Ly,Pledger,lpledger9s@noaa.gov,Agender,185.143.128.207
354,Violetta,Turford,vturford9t@scientificamerican.com,Female,14.226.98.213
355,Marlin,Crosston,mcrosston9u@yale.edu,Male,33.174.140.194
356,Maribel,Sanson,msanson9v@photobucket.com,Female,189.119.96.240
357,June,Penman,jpenman9w@mit.edu,Female,18.149.156.80
358,Gilbertine,Santo,gsanto9x@smh.com.au,Female,65.239.127.143
359,Shelli,Brewers,sbrewers9y@timesonline.co.uk,Female,179.211.200.193
360,Minetta,Lenden,mlenden9z@msu.edu,Female,69.82.112.254
361,Tanney,Matresse,tmatressea0@bloomberg.com,Male,29.228.132.139
362,Devin,Leed,dleeda1@nymag.com,Female,159.232.95.140
363,Edvard,Vertey,everteya2@mtv.com,Male,14.6.251.216
364,Fitzgerald,Hawkett,fhawketta3@oakley.com,Male,40.85.181.34
365,Phineas,Chansonne,pchansonnea4@nbcnews.com,Male,42.148.76.152
366,Westbrooke,Varren,wvarrena5@ehow.com,Male,42.41.50.171
367,Craig,Delea,cdeleaa6@people.com.cn,Non-binary,62.122.123.255
368,Haley,Alyonov,halyonova7@people.com.cn,Female,110.133.43.82
369,Alejoa,Drain,adraina8@indiatimes.com,Genderfluid,16.85.31.146
370,Bartholemy,Vakhonin,bvakhonina9@dot.gov,Male,39.78.122.78
371,Baxie,Edling,bedlingaa@ameblo.jp,Male,10.202.26.191
372,Tallou,Depke,tdepkeab@goodreads.com,Female,21.51.43.248
373,Napoleon,Opdenort,nopdenortac@deliciousdays.com,Male,82.83.170.109
374,Noel,Kenworthy,nkenworthyad@gov.uk,Male,182.59.2.176
375,Nelie,Gronowe,ngronoweae@behance.net,Female,194.213.112.83
376,Tania,Heinsius,theinsiusaf@goo.gl,Female,162.117.242.130
377,Chastity,Mendoza,cmendozaag@unesco.org,Female,95.65.43.43
378,Waverley,Bowcock,wbowcockah@oakley.com,Male,199.188.89.30
379,Kat,Heiner,kheinerai@reference.com,Female,148.42.16.136
380,Renata,Bonnier,rbonnieraj@usda.gov,Female,58.231.56.228
381,Heath,Milazzo,hmilazzoak@sina.com.cn,Female,146.228.159.86
382,Kipp,Kovelmann,kkovelmannal@tamu.edu,Female,213.64.101.140
383,Eli,Bellenger,ebellengeram@over-blog.com,Male,182.252.144.177
384,Carlo,Hertwell,chertwellan@wired.com,Male,112.243.91.185
385,Udale,Petegrew,upetegrewao@163.com,Male,28.46.196.254
386,Klarrisa,Iltchev,kiltchevap@ebay.com,Female,99.233.0.89
387,Krystle,Lamy,klamyaq@com.com,Female,186.168.28.210
388,Ralph,Szymanek,rszymanekar@engadget.com,Male,230.117.97.183
389,Josee,Sowthcote,jsowthcoteas@pinterest.com,Female,139.100.45.72
390,Jacquie,Exeter,jexeterat@sun.com,Female,4.194.252.134
391,Antony,Vannuccini,avannucciniau@histats.com,Male,179.162.49.31
392,Thurston,Yoxall,tyoxallav@usgs.gov,Male,96.251.3.87
393,Alon,Creak,acreakaw@cornell.edu,Male,10.49.21.175
394,Rip,Firth,rfirthax@altervista.org,Male,235.174.42.235
395,Bradly,Berk,bberkay@tripadvisor.com,Male,183.18.177.200
396,Mario,Crosskill,mcrosskillaz@npr.org,Male,66.19.8.32
397,Mac,Huzzey,mhuzzeyb0@bigcartel.com,Agender,218.52.40.225
398,Garrek,Raithmill,graithmillb1@loc.gov,Male,114.4.65.245
399,Donavon,Garter,dgarterb2@latimes.com,Male,230.67.182.37
400,Nestor,Pavolini,npavolinib3@blinklist.com,Male,211.33.99.106
401,Garret,Hovington,ghovingtonb4@nymag.com,Male,157.239.153.235
402,Zonda,Ninnotti,zninnottib5@engadget.com,Female,150.108.97.206
403,Gearard,Blondin,gblondinb6@umich.edu,Male,104.227.216.57
404,Stevie,Reddell,sreddellb7@nasa.gov,Male,99.108.215.71
405,Liv,Harrop,lharropb8@flavors.me,Female,166.28.35.239
406,Jessalyn,Davenall,jdavenallb9@china.com.cn,Female,216.69.25.151
407,Donnajean,Pedwell,dpedwellba@va.gov,Female,206.23.184.72
408,Melonie,O' Culligan,moculliganbb@github.com,Female,36.126.122.243
409,Nathalie,Tutill,ntutillbc@godaddy.com,Female,252.46.35.165
410,Ileana,Franzetti,ifranzettibd@bluehost.com,Female,152.247.4.19
411,Tracie,Pleager,tpleagerbe@seesaa.net,Male,114.96.80.57
412,Sterling,Garrattley,sgarrattleybf@disqus.com,Male,27.29.77.58
413,Sherill,Pumfrett,spumfrettbg@cocolog-nifty.com,Female,22.200.130.102
414,Fairlie,Sandall,fsandallbh@feedburner.com,Male,32.7.74.81
415,Morganica,Ferenczi,mferenczibi@sogou.com,Female,235.130.161.222
416,Antonino,Baddeley,abaddeleybj@dagondesign.com,Male,218.35.239.245
417,Florence,Braddock,fbraddockbk@gnu.org,Genderqueer,156.67.115.98
418,Fonz,Switsur,fswitsurbl@dmoz.org,Genderqueer,22.255.205.248
419,Bendix,Measey,bmeaseybm@ftc.gov,Male,52.36.249.135
420,Helge,Roelofsen,hroelofsenbn@jugem.jp,Genderqueer,249.239.250.204
421,Barnie,Beneyto,bbeneytobo@1und1.de,Male,244.173.60.98
422,Ingra,Roggeman,iroggemanbp@google.it,Male,115.252.126.46
423,Sofia,Spellessy,sspellessybq@slashdot.org,Female,235.191.4.53
424,Reece,Genney,rgenneybr@cnbc.com,Male,141.185.23.28
425,Hughie,Linnit,hlinnitbs@newsvine.com,Male,2.184.60.79
426,Cordy,Britton,cbrittonbt@prlog.org,Male,142.191.130.123
427,Abrahan,Liley,alileybu@lulu.com,Male,98.58.252.15
428,Shirl,Pray,spraybv@unesco.org,Female,107.58.43.101
429,Sadie,Korpal,skorpalbw@theglobeandmail.com,Female,109.170.55.11
430,Freda,Crowch,fcrowchbx@sfgate.com,Genderfluid,245.75.157.7
431,Aura,Davsley,adavsleyby@paypal.com,Female,109.86.221.52
432,Nydia,Giercke,ngierckebz@addtoany.com,Female,92.13.27.27
433,Karrah,Whelband,kwhelbandc0@hibu.com,Female,63.200.200.152
434,Kalina,Andreuzzi,kandreuzzic1@cocolog-nifty.com,Female,248.242.237.144
435,Brana,Haslegrave,bhaslegravec2@aboutads.info,Female,12.26.42.252
436,Saxe,Angrove,sangrovec3@discovery.com,Male,154.110.112.247
437,Rollin,Gonnely,rgonnelyc4@liveinternet.ru,Male,39.235.87.195
438,Bibby,Burdge,bburdgec5@wired.com,Female,25.240.13.221
439,Fulvia,Loggie,floggiec6@tripadvisor.com,Female,70.154.118.74
440,Joan,Doudney,jdoudneyc7@google.nl,Genderqueer,140.74.204.139
441,Karia,Sorey,ksoreyc8@baidu.com,Female,65.249.122.56
442,Jakie,Howgego,jhowgegoc9@reuters.com,Male,32.8.94.203
443,Syd,Trencher,strencherca@list-manage.com,Male,254.28.225.1
444,Avery,Duly,adulycb@woothemes.com,Male,74.154.185.43
445,Ash,Hawler,ahawlercc@admin.ch,Male,75.54.155.255
446,Franny,Sima,fsimacd@nymag.com,Female,175.192.6.45
447,Perry,Westphal,pwestphalce@netlog.com,Male,251.159.241.26
448,Alfons,Hazeltine,ahazeltinecf@google.ru,Male,151.248.199.178
449,Celestine,Daniellot,cdaniellotcg@yellowpages.com,Female,118.237.18.120
450,Erin,Gauld,egauldch@harvard.edu,Female,205.49.139.234
451,Romain,Freund,rfreundci@yahoo.com,Male,206.112.201.199
452,Marie-jeanne,A'Barrow,mabarrowcj@amazon.com,Female,196.39.17.49
453,Toiboid,Suttle,tsuttleck@gmpg.org,Male,163.58.148.70
454,Laraine,Barrar,lbarrarcl@nps.gov,Female,207.147.69.229
455,Vale,Santen,vsantencm@tinyurl.com,Genderqueer,19.240.17.98
456,Fulvia,Scholefield,fscholefieldcn@loc.gov,Female,182.157.164.7
457,Nathalia,Perot,nperotco@hexun.com,Female,9.91.30.216
458,Jocelin,Lindmark,jlindmarkcp@hostgator.com,Female,197.243.16.146
459,Reider,Barnardo,rbarnardocq@ucoz.ru,Male,0.177.178.61
460,Marice,Kulis,mkuliscr@archive.org,Female,43.102.79.141
461,Libbey,Gimblet,lgimbletcs@ebay.co.uk,Female,174.74.15.155
462,Sherry,Riep,sriepct@live.com,Polygender,253.167.215.157
463,Cleavland,Krienke,ckrienkecu@instagram.com,Male,126.45.194.152
464,Elli,McKain,emckaincv@istockphoto.com,Female,176.240.41.241
465,Pryce,Bamforth,pbamforthcw@bandcamp.com,Male,161.131.255.90
466,Lucio,Parlour,lparlourcx@yellowpages.com,Male,254.233.95.93
467,Benyamin,Bruin,bbruincy@blogger.com,Male,30.184.141.87
468,Donnamarie,Flory,dflorycz@imageshack.us,Female,213.59.195.89
469,Winny,Isacke,wisacked0@blogspot.com,Male,224.122.184.15
470,Aurea,Spurden,aspurdend1@psu.edu,Female,35.198.69.247
471,Hymie,Schulz,hschulzd2@twitter.com,Male,150.219.16.213
472,Nobe,Cuberley,ncuberleyd3@umich.edu,Male,203.238.215.252
473,Barron,Giamelli,bgiamellid4@skyrock.com,Male,180.193.77.43
474,Ellary,Borel,eboreld5@bandcamp.com,Male,99.175.7.167
475,Patric,Sibthorp,psibthorpd6@furl.net,Male,55.110.84.123
476,Elladine,Wimpenny,ewimpennyd7@delicious.com,Female,254.62.252.121
477,Concettina,McFetrich,cmcfetrichd8@typepad.com,Female,102.232.229.27
478,Noland,Renols,nrenolsd9@answers.com,Male,165.204.118.69
479,Pauli,Mogridge,pmogridgeda@plala.or.jp,Female,128.206.19.178
480,Jorge,Bagott,jbagottdb@time.com,Male,236.14.122.226
481,Karita,Randell,krandelldc@privacy.gov.au,Female,115.130.216.161
482,Madeleine,Gawke,mgawkedd@unicef.org,Genderfluid,93.122.84.191
483,Weston,Burndred,wburndredde@oracle.com,Male,177.3.53.113
484,Judas,Lyfield,jlyfielddf@baidu.com,Bigender,201.19.164.1
485,Clement,Bezemer,cbezemerdg@nih.gov,Male,187.255.109.2
486,Vinny,Brimmicombe,vbrimmicombedh@usnews.com,Bigender,191.242.37.69
487,Eleonora,Bramich,ebramichdi@yellowpages.com,Female,93.18.171.232
488,Carolyn,Langforth,clangforthdj@e-recht24.de,Female,65.197.143.54
489,Berty,McAusland,bmcauslanddk@skype.com,Non-binary,191.221.217.158
490,Tatiania,Bentall,tbentalldl@webeden.co.uk,Female,146.3.72.114
491,Elyssa,Cready,ecreadydm@theglobeandmail.com,Female,209.53.224.80
492,Wilfred,Ambrogi,wambrogidn@stanford.edu,Male,225.149.59.234
493,Freddie,Erik,ferikdo@home.pl,Female,34.18.163.191
494,Ronni,McCorkell,rmccorkelldp@wordpress.org,Female,92.219.221.107
495,Moises,Revely,mrevelydq@flickr.com,Male,25.179.113.2
496,Bing,Gate,bgatedr@businesswire.com,Male,72.145.159.87
497,Fredericka,Baudry,fbaudryds@google.com.hk,Female,111.67.99.200
498,Barbette,Danett,bdanettdt@yandex.ru,Female,165.240.54.155
499,Artair,Cartan,acartandu@cmu.edu,Male,43.136.222.100
500,Frederico,Ebbing,febbingdv@japanpost.jp,Male,102.8.147.73
501,Luigi,Mc Gorley,lmcgorleydw@wikipedia.org,Male,198.141.10.210
502,Derril,Olenichev,dolenichevdx@eventbrite.com,Male,183.69.252.58
503,Orran,O'Crevy,oocrevydy@trellian.com,Male,210.164.0.56
504,Claudelle,Valentine,cvalentinedz@cornell.edu,Genderfluid,79.18.255.97
505,Sigismund,Bridgewood,sbridgewoode0@soundcloud.com,Male,158.164.80.12
506,Inglebert,Paige,ipaigee1@jigsy.com,Male,85.52.240.22
507,Sallee,O'Hengerty,sohengertye2@state.tx.us,Female,99.224.59.235
508,Maryellen,Maypowder,mmaypowdere3@archive.org,Female,136.114.238.231
509,Anissa,Rodrig,arodrige4@lulu.com,Female,38.117.246.165
510,Irwin,Sellan,isellane5@1688.com,Male,176.8.217.23
511,Brynne,Fuster,bfustere6@statcounter.com,Female,95.117.33.133
512,Karim,Chaffer,kchaffere7@trellian.com,Male,239.18.89.27
513,Ado,Harris,aharrise8@eventbrite.com,Male,234.16.232.231
514,Lauretta,Lucock,llucocke9@tumblr.com,Female,131.75.179.77
515,Cora,Helis,chelisea@fotki.com,Female,219.35.125.134
516,El,Mapes,emapeseb@webmd.com,Male,23.252.55.145
517,Ardene,Shirtcliffe,ashirtcliffeec@bbb.org,Female,208.11.164.70
518,Daveta,Yerlett,dyerletted@spotify.com,Bigender,123.109.133.240
519,Gabie,McGinnis,gmcginnisee@ted.com,Female,60.79.110.77
520,Elysia,Skudder,eskudderef@tmall.com,Female,220.198.237.65
521,Valle,Churms,vchurmseg@discuz.net,Male,32.129.50.175
522,Yetty,Lanchberry,ylanchberryeh@twitpic.com,Female,59.160.64.155
523,Alyss,Thyer,athyerei@unc.edu,Female,13.72.153.61
524,Randy,Reynolds,rreynoldsej@dyndns.org,Female,134.59.161.219
525,Katha,Leatham,kleathamek@statcounter.com,Female,254.104.184.254
526,Maris,Tobias,mtobiasel@hhs.gov,Female,241.43.239.94
527,Ogden,Hourstan,ohourstanem@usda.gov,Male,177.13.87.104
528,Bel,Robinette,brobinetteen@state.tx.us,Female,103.39.100.251
529,Kahaleel,Cattel,kcatteleo@soup.io,Male,167.138.234.142
530,Ronald,Readett,rreadettep@exblog.jp,Male,150.74.35.244
531,Meggi,Lasselle,mlasselleeq@imdb.com,Female,109.126.117.145
532,Hermann,Hussey,hhusseyer@163.com,Male,135.183.141.69
533,Isaak,Marc,imarces@kickstarter.com,Genderfluid,23.36.26.44
534,Colan,Duffell,cduffellet@freewebs.com,Male,28.163.7.142
535,Leighton,Gero,lgeroeu@alexa.com,Male,133.65.106.194
536,Tarrah,Ciardo,tciardoev@umn.edu,Female,133.49.87.239
537,Irvine,Considine,iconsidineew@sciencedirect.com,Male,133.208.112.118
538,Alon,Borles,aborlesex@weibo.com,Male,203.166.175.233
539,Bone,Cowterd,bcowterdey@cbc.ca,Male,156.97.0.41
540,Temp,Blasiak,tblasiakez@amazon.co.jp,Male,179.149.23.88
541,Lanna,Mc Coughan,lmccoughanf0@noaa.gov,Female,157.220.36.35
542,Bari,Condit,bconditf1@shop-pro.jp,Female,231.91.236.41
543,Magdalene,Okker,mokkerf2@yandex.ru,Female,32.122.191.168
544,Andris,Reskelly,areskellyf3@qq.com,Male,92.140.0.204
545,Joann,Percy,jpercyf4@networksolutions.com,Female,254.31.172.121
546,Dehlia,Eede,deedef5@ucsd.edu,Female,0.23.180.78
547,Reynold,Burbage,rburbagef6@weather.com,Male,93.26.163.49
548,Jacklin,Doswell,jdoswellf7@bandcamp.com,Female,249.16.99.198
549,Dorothy,Bromby,dbrombyf8@omniture.com,Female,159.131.38.106
550,Aharon,Pignon,apignonf9@cpanel.net,Male,192.199.26.210
551,Carolynn,Anwell,canwellfa@biblegateway.com,Female,154.159.184.200
552,Florry,Woolgar,fwoolgarfb@eepurl.com,Female,219.35.51.236
553,Barbara,Insull,binsullfc@wikimedia.org,Female,252.8.17.245
554,Hyacinthe,Gerger,hgergerfd@flickr.com,Female,13.228.148.131
555,Papagena,Weighell,pweighellfe@rakuten.co.jp,Female,161.206.0.139
556,Orin,Pippin,opippinff@mysql.com,Male,171.195.191.178
557,Othelia,Heelis,oheelisfg@yale.edu,Female,42.78.211.155
558,Archer,Clayhill,aclayhillfh@yolasite.com,Male,148.254.96.131
559,Arlette,Cordsen,acordsenfi@mediafire.com,Female,234.76.247.4
560,Alecia,Starmer,astarmerfj@microsoft.com,Female,230.42.130.130
561,Meir,Edgecombe,medgecombefk@nature.com,Male,132.190.222.35
562,Wendall,Tackes,wtackesfl@w3.org,Male,255.93.63.153
563,Donny,Everal,deveralfm@dedecms.com,Male,163.199.0.65
564,Michel,Mawne,mmawnefn@4shared.com,Female,76.208.160.191
565,Xenos,Facey,xfaceyfo@tmall.com,Male,15.155.4.180
566,Kilian,Wolvey,kwolveyfp@booking.com,Male,99.46.134.44
567,Doug,Sakins,dsakinsfq@fda.gov,Agender,125.185.61.235
568,Alvin,Arsmith,aarsmithfr@oaic.gov.au,Male,180.228.189.16
569,Eba,Locard,elocardfs@sfgate.com,Female,13.53.32.78
570,Cordell,Annwyl,cannwylft@bloomberg.com,Male,41.254.20.3
571,Sascha,Berthelmot,sberthelmotfu@wiley.com,Female,42.141.179.114
572,Isadore,Christian,ichristianfv@jimdo.com,Male,116.72.228.84
573,Corbie,Vautre,cvautrefw@topsy.com,Male,213.137.237.123
574,Sandi,Everingham,severinghamfx@twitter.com,Female,230.13.121.204
575,Angelle,Onslow,aonslowfy@networksolutions.com,Female,44.33.83.114
576,Alaric,Pirnie,apirniefz@dmoz.org,Male,222.85.29.244
577,Alison,Clell,aclellg0@flickr.com,Female,0.70.199.98
578,Lonni,Moorman,lmoormang1@icio.us,Female,104.198.207.41
579,Bing,De Dei,bdedeig2@chron.com,Male,9.208.98.239
580,Toddie,Mandifield,tmandifieldg3@goodreads.com,Male,164.59.139.78
581,Euphemia,Storkes,estorkesg4@angelfire.com,Female,165.37.226.75
582,Ebeneser,Kingsnod,ekingsnodg5@amazonaws.com,Male,65.85.223.148
583,Sauncho,Schultheiss,sschultheissg6@google.it,Male,130.218.96.81
584,Russell,Whitton,rwhittong7@indiatimes.com,Male,102.209.206.35
585,Eachelle,McVeagh,emcveaghg8@cbslocal.com,Female,68.215.117.213
586,Corrie,Menichino,cmenichinog9@mail.ru,Female,222.136.129.250
587,Osborne,Carslaw,ocarslawga@nasa.gov,Male,55.2.254.196
588,Dario,Hebard,dhebardgb@scientificamerican.com,Male,18.90.180.86
589,Miof mela,Pentelow,mpentelowgc@dot.gov,Female,176.195.56.4
590,Octavius,Cottesford,ocottesfordgd@ehow.com,Male,227.57.145.116
591,Sanson,Bigmore,sbigmorege@senate.gov,Male,175.228.209.119
592,Julietta,Glas,jglasgf@paypal.com,Female,90.245.70.231
593,Lisha,Wharfe,lwharfegg@instagram.com,Female,151.25.80.75
594,Holli,Santino,hsantinogh@yelp.com,Female,130.255.25.177
595,Wilone,Philbrick,wphilbrickgi@ft.com,Female,100.237.85.81
596,Brynne,McDade,bmcdadegj@bloglines.com,Female,169.217.163.28
597,Warden,Doerren,wdoerrengk@mashable.com,Male,95.210.133.177
598,Wandis,Gadd,wgaddgl@columbia.edu,Female,119.45.133.0
599,Therese,Litchmore,tlitchmoregm@google.com.hk,Female,61.158.87.197
600,Cly,Ebbs,cebbsgn@rakuten.co.jp,Male,251.176.99.68
601,Arlette,Climpson,aclimpsongo@vk.com,Female,94.209.151.84
602,Jerri,Beringer,jberingergp@goo.gl,Male,14.92.234.232
603,Skippy,Coiley,scoileygq@yandex.ru,Male,178.214.162.203
604,Ed,Beccero,ebeccerogr@nydailynews.com,Male,196.127.49.194
605,Panchito,MacAvaddy,pmacavaddygs@nba.com,Male,52.11.182.215
606,Keary,Bawle,kbawlegt@multiply.com,Male,191.147.130.204
607,Elke,Corless,ecorlessgu@jigsy.com,Female,101.188.165.208
608,Bea,O'Dee,bodeegv@techcrunch.com,Female,157.114.5.96
609,Garvey,Tart,gtartgw@google.com.au,Male,128.186.178.167
610,Libbey,Fullun,lfullungx@mit.edu,Female,76.24.160.163
611,Grethel,Asquez,gasquezgy@newsvine.com,Female,224.172.254.170
612,Lisle,Clendinning,lclendinninggz@ezinearticles.com,Male,169.204.48.46
613,Dud,Oland,dolandh0@elpais.com,Male,192.245.80.70
614,Raffaello,McConaghy,rmcconaghyh1@rakuten.co.jp,Male,27.26.235.180
615,Sean,Boland,sbolandh2@ezinearticles.com,Female,81.100.223.243
616,Claybourne,Yellep,cyelleph3@cmu.edu,Male,197.230.164.191
617,Brianne,Tilbey,btilbeyh4@ocn.ne.jp,Female,83.158.135.4
618,Bab,Robberts,brobbertsh5@cdbaby.com,Female,240.214.54.94
619,Arvie,Duffit,aduffith6@issuu.com,Male,81.170.93.87
620,Demeter,Sorrell,dsorrellh7@webmd.com,Female,29.172.55.120
621,Pam,Ainsby,painsbyh8@theglobeandmail.com,Female,229.96.228.231
622,Nilson,Alabone,nalaboneh9@ameblo.jp,Male,49.80.77.200
623,Jackson,Fallowfield,jfallowfieldha@parallels.com,Male,120.91.127.40
624,Jessey,Rossander,jrossanderhb@unesco.org,Male,67.23.251.232
625,Florie,Virgin,fvirginhc@digg.com,Genderqueer,67.38.218.132
626,Ardith,Bowdler,abowdlerhd@wisc.edu,Female,216.96.215.191
627,Mareah,Moreinis,mmoreinishe@creativecommons.org,Female,91.240.43.224
628,Rubetta,Aleshkov,raleshkovhf@microsoft.com,Female,200.167.85.225
629,Ashton,Wedge,awedgehg@skyrock.com,Male,72.184.172.125
630,Collie,Alpes,calpeshh@nps.gov,Female,53.199.100.90
631,Jenica,Crunkhorn,jcrunkhornhi@flavors.me,Female,116.88.145.225
632,Bertina,Strickler,bstricklerhj@seattletimes.com,Female,0.17.83.240
633,Evvy,Ferrone,eferronehk@abc.net.au,Female,8.80.153.7
634,Krystle,Layton,klaytonhl@adobe.com,Female,178.207.140.5
635,Joshia,Naisbet,jnaisbethm@narod.ru,Polygender,138.104.44.61
636,Vikky,Seaton,vseatonhn@google.fr,Female,211.47.187.33
637,Letti,Quinnelly,lquinnellyho@tumblr.com,Female,186.237.62.216
638,Myrtia,Saggs,msaggshp@lulu.com,Female,251.178.144.66
639,Bernice,Viccars,bviccarshq@stanford.edu,Female,252.103.131.123
640,Fowler,Proom,fproomhr@amazon.com,Male,8.180.220.216
641,Riannon,Filippov,rfilippovhs@dyndns.org,Female,16.141.244.215
642,Tadd,Comfort,tcomfortht@dagondesign.com,Male,23.73.240.219
643,Aubree,Henighan,ahenighanhu@tripadvisor.com,Female,61.147.71.214
644,Bianka,Kopecka,bkopeckahv@webs.com,Female,12.65.133.204
645,Irving,Thorneywork,ithorneyworkhw@patch.com,Male,59.59.44.195
646,Annadiana,Fraulo,afraulohx@canalblog.com,Female,250.55.15.44
647,Nate,Laye,nlayehy@over-blog.com,Male,83.81.121.208
648,Sascha,Masic,smasichz@whitehouse.gov,Male,188.15.6.182
649,Goldarina,Ellam,gellami0@edublogs.org,Female,178.217.1.88
650,Karin,Yitzovitz,kyitzovitzi1@miitbeian.gov.cn,Female,206.179.233.235
651,Anett,Gerdts,agerdtsi2@prweb.com,Female,13.136.125.203
652,Miran,Hollindale,mhollindalei3@guardian.co.uk,Female,47.74.47.77
653,Fay,Neames,fneamesi4@wikia.com,Female,78.153.136.44
654,Jaquith,Gready,jgreadyi5@hp.com,Female,27.61.20.236
655,Eartha,Linn,elinni6@miibeian.gov.cn,Genderfluid,34.168.18.247
656,Karie,Harbar,kharbari7@technorati.com,Female,220.213.124.179
657,Garek,De Haven,gdehaveni8@multiply.com,Male,25.153.198.3
658,Mabelle,Vineall,mvinealli9@prnewswire.com,Female,9.142.173.57
659,Cordie,Ansett,cansettia@weather.com,Female,222.118.94.142
660,Theobald,Clinning,tclinningib@wikispaces.com,Male,117.48.249.4
661,Danielle,Fitkin,dfitkinic@about.me,Female,191.209.132.27
662,Angel,Tellenbrook,atellenbrookid@fc2.com,Male,86.124.144.203
663,Meade,Emblem,memblemie@google.it,Agender,235.113.178.223
664,Mack,Barlee,mbarleeif@archive.org,Male,93.66.28.7
665,Sella,Dollin,sdollinig@soup.io,Female,161.47.121.67
666,Izzy,Lysons,ilysonsih@forbes.com,Male,161.77.16.151
667,Sinclair,Angear,sangearii@wufoo.com,Male,11.143.147.198
668,Sara-ann,Anthona,santhonaij@delicious.com,Female,172.61.71.169
669,Erhart,Malin,emalinik@hatena.ne.jp,Male,224.211.24.198
670,Ermentrude,Banasik,ebanasikil@cyberchimps.com,Female,198.3.86.79
671,Eamon,Benninger,ebenningerim@google.co.jp,Male,92.132.130.195
672,Franciska,Sheards,fsheardsin@blogtalkradio.com,Female,251.252.232.186
673,Konrad,Linnitt,klinnittio@hubpages.com,Polygender,101.183.132.28
674,Tracey,Phare,tphareip@harvard.edu,Female,13.121.193.139
675,Nicolas,Broschek,nbroschekiq@purevolume.com,Male,153.50.201.78
676,Ellswerth,Sambeck,esambeckir@sfgate.com,Male,213.96.175.30
677,Jamil,Gooday,jgoodayis@tiny.cc,Male,19.13.15.182
678,Koren,Fillery,kfilleryit@webeden.co.uk,Female,65.78.195.150
679,Forrest,Bunnell,fbunnelliu@themeforest.net,Male,235.120.232.187
680,Jabez,Nare,jnareiv@oracle.com,Male,128.126.16.31
681,Evvy,Livick,elivickiw@about.com,Non-binary,251.194.79.33
682,Norina,Normadell,nnormadellix@biblegateway.com,Agender,160.233.136.236
683,Joanna,Draysay,jdraysayiy@youku.com,Female,123.219.50.17
684,Philis,Huckleby,phucklebyiz@dot.gov,Female,43.20.82.72
685,Laurel,Camili,lcamilij0@clickbank.net,Genderfluid,179.133.73.149
686,Carrissa,McTrustey,cmctrusteyj1@fastcompany.com,Female,206.168.252.193
687,Banky,Saban,bsabanj2@blogtalkradio.com,Male,116.47.179.41
688,Garrek,Slixby,gslixbyj3@microsoft.com,Male,162.214.116.73
689,Caroljean,McMyler,cmcmylerj4@paypal.com,Female,106.97.106.114
690,Audrey,Jovic,ajovicj5@dyndns.org,Female,253.48.227.203
691,Aeriela,Soaper,asoaperj6@indiatimes.com,Bigender,148.167.73.17
692,Mercy,Halbert,mhalbertj7@oracle.com,Female,171.124.31.254
693,Cori,Sappy,csappyj8@discuz.net,Female,217.159.152.209
694,Kort,Mottinelli,kmottinellij9@youtube.com,Male,30.11.158.140
695,Matthias,Wilkes,mwilkesja@soup.io,Male,252.143.239.54
696,Lemar,Canet,lcanetjb@answers.com,Male,78.88.91.144
697,Faith,Weeks,fweeksjc@gmpg.org,Female,141.131.110.109
698,Coral,Redgate,credgatejd@springer.com,Female,63.94.115.251
699,Foster,Trew,ftrewje@digg.com,Male,236.31.116.237
700,Delcina,Foddy,dfoddyjf@1und1.de,Female,147.147.140.121
701,Moina,Medford,mmedfordjg@devhub.com,Female,138.156.104.132
702,Walther,Tirkin,wtirkinjh@europa.eu,Male,145.131.156.232
703,Craggy,Lingfoot,clingfootji@storify.com,Bigender,102.160.179.0
704,Euell,Tousy,etousyjj@discuz.net,Bigender,132.71.77.41
705,Luce,Baldick,lbaldickjk@fda.gov,Male,70.148.60.186
706,Bendick,Schonfeld,bschonfeldjl@t-online.de,Male,168.30.58.28
707,Tibold,Bonsale,tbonsalejm@ebay.co.uk,Male,210.218.62.110
708,Gail,Braunes,gbraunesjn@jigsy.com,Female,194.13.237.5
709,Jennine,Lasty,jlastyjo@craigslist.org,Female,106.201.151.112
710,Kevin,Hartzenberg,khartzenbergjp@mapquest.com,Non-binary,192.153.95.231
711,Marlene,Wilder,mwilderjq@usda.gov,Female,179.49.2.120
712,Pavia,Salliere,psallierejr@seesaa.net,Female,179.246.225.233
713,Arlene,Finding,afindingjs@yellowbook.com,Female,235.133.72.111
714,Marlon,Radbourn,mradbournjt@symantec.com,Male,70.219.217.145
715,Enrico,Balmforth,ebalmforthju@posterous.com,Male,19.154.139.71
716,Shea,Eustanch,seustanchjv@reddit.com,Female,18.143.154.252
717,Geoffrey,MacCarrick,gmaccarrickjw@surveymonkey.com,Male,15.156.149.17
718,Reba,Whybray,rwhybrayjx@google.pl,Female,208.104.183.122
719,Quinta,Perrins,qperrinsjy@liveinternet.ru,Female,147.5.36.151
720,Koral,Whitsun,kwhitsunjz@sfgate.com,Female,76.170.25.73
721,Corissa,Prettejohns,cprettejohnsk0@sphinn.com,Female,228.163.30.163
722,Fields,Keel,fkeelk1@goo.gl,Male,139.251.10.122
723,Petey,Sanger,psangerk2@fc2.com,Bigender,228.14.237.170
724,Lalo,Learoid,llearoidk3@tumblr.com,Male,98.203.241.142
725,Maudie,Befroy,mbefroyk4@mayoclinic.com,Female,93.187.110.89
726,Lynnelle,Planks,lplanksk5@example.com,Female,42.55.134.49
727,Lilian,Byford,lbyfordk6@google.de,Female,20.29.183.121
728,Suzette,Ingraham,singrahamk7@springer.com,Genderqueer,195.77.85.212
729,Bertrando,Clulow,bclulowk8@zimbio.com,Male,213.166.35.109
730,Andriana,Baraclough,abaracloughk9@globo.com,Female,121.11.177.47
731,Tracie,Widmore,twidmoreka@npr.org,Female,93.66.235.104
732,Rudolf,Goddman,rgoddmankb@phoca.cz,Male,102.189.242.173
733,Chad,Navarijo,cnavarijokc@ehow.com,Female,184.210.141.12
734,Cybill,Mazonowicz,cmazonowiczkd@state.gov,Female,44.72.232.251
735,Edin,Probey,eprobeyke@forbes.com,Female,233.188.204.135
736,Jessa,Beeson,jbeesonkf@usa.gov,Female,9.101.10.48
737,Aindrea,Tabbitt,atabbittkg@shop-pro.jp,Female,59.94.91.193
738,Noelani,Gelderd,ngelderdkh@answers.com,Female,209.81.146.139
739,Gav,Evensden,gevensdenki@webnode.com,Male,83.132.228.218
740,Phoebe,Hanes,phaneskj@soundcloud.com,Female,252.207.173.22
741,Ian,Maciocia,imaciociakk@who.int,Male,67.87.160.226
742,Charmine,Millwater,cmillwaterkl@alibaba.com,Agender,37.72.3.181
743,Shoshana,Georgievski,sgeorgievskikm@simplemachines.org,Female,71.51.240.107
744,Alexandro,Kornel,akornelkn@issuu.com,Male,173.3.91.40
745,Bendix,Hindenburg,bhindenburgko@ed.gov,Male,191.14.151.67
746,Kit,Garbott,kgarbottkp@newsvine.com,Male,214.22.77.9
747,Tobie,Peckett,tpeckettkq@google.ru,Male,228.34.132.248
748,Gwendolyn,Oslar,goslarkr@ebay.com,Female,176.108.47.13
749,Lizbeth,Domini,ldominiks@clickbank.net,Genderqueer,96.65.141.41
750,Halli,Shasnan,hshasnankt@pen.io,Female,40.4.251.68
751,Stanislas,Trewin,strewinku@europa.eu,Male,234.176.172.195
752,Obediah,Haggidon,ohaggidonkv@about.com,Male,96.122.103.243
753,Lowe,Landa,llandakw@europa.eu,Male,29.190.208.9
754,Shaylynn,Twyning,stwyningkx@sciencedirect.com,Female,181.120.42.67
755,Gothart,Jurs,gjursky@vinaora.com,Male,135.51.242.115
756,Perrine,Cookney,pcookneykz@rediff.com,Female,148.163.178.2
757,Amandy,Yewdell,ayewdelll0@gnu.org,Female,139.174.195.108
758,Gearard,Lerego,gleregol1@xing.com,Male,236.54.82.172
759,Rhonda,Baxster,rbaxsterl2@sogou.com,Bigender,80.78.53.226
760,Kain,Losebie,klosebiel3@latimes.com,Male,106.241.207.27
761,Anet,Woodford,awoodfordl4@gov.uk,Female,83.1.111.14
762,Flin,Ivanaev,fivanaevl5@google.com.au,Male,89.31.208.242
763,Stacia,Bullimore,sbullimorel6@shutterfly.com,Female,95.169.149.99
764,Jeth,Heningham,jheninghaml7@admin.ch,Male,89.113.252.165
765,Kalil,Rickards,krickardsl8@utexas.edu,Male,231.34.142.155
766,Liv,Huncoot,lhuncootl9@bloglines.com,Genderqueer,65.253.96.55
767,Nils,Anniwell,nanniwellla@miitbeian.gov.cn,Male,251.218.220.169
768,Cindy,Westmore,cwestmorelb@tumblr.com,Female,226.239.72.87
769,Ardyce,Buten,abutenlc@lycos.com,Genderfluid,10.80.86.93
770,Derwin,Jacob,djacobld@google.co.uk,Male,224.37.162.107
771,Cami,Morphet,cmorphetle@amazon.de,Female,184.101.255.236
772,Garwin,Swinburn,gswinburnlf@sohu.com,Male,143.170.251.165
773,Alyce,Bendtsen,abendtsenlg@technorati.com,Female,225.150.163.124
774,Alexi,Buntin,abuntinlh@ebay.com,Female,153.30.58.255
775,Benny,Siddele,bsiddeleli@bing.com,Male,221.254.36.230
776,Wilmer,Hasard,whasardlj@bloomberg.com,Male,124.92.25.216
777,Lila,Paxforde,lpaxfordelk@constantcontact.com,Female,174.131.252.8
778,Nelle,Dury,nduryll@privacy.gov.au,Female,75.48.146.143
779,Fabiano,Dornan,fdornanlm@mlb.com,Male,248.133.227.226
780,Jania,Treby,jtrebyln@theglobeandmail.com,Female,89.169.146.126
781,Emery,Shakesbye,eshakesbyelo@gmpg.org,Agender,243.61.128.13
782,Sherye,Byer,sbyerlp@deviantart.com,Female,21.238.249.149
783,Rozalin,Cordsen,rcordsenlq@netscape.com,Genderfluid,60.43.183.36
784,Wendeline,Hatz,whatzlr@acquirethisname.com,Female,149.122.215.89
785,Alvera,Lacase,alacasels@histats.com,Female,163.203.98.168
786,Carmella,Ipplett,cipplettlt@homestead.com,Female,219.145.210.217
787,Gay,Farries,gfarrieslu@hubpages.com,Male,213.147.161.35
788,Ardenia,Bucham,abuchamlv@amazon.com,Female,122.201.160.27
789,Gonzales,Guiel,gguiellw@shop-pro.jp,Male,227.4.227.183
790,Thaddeus,Blatcher,tblatcherlx@hibu.com,Male,120.204.59.155
791,Jim,Rowney,jrowneyly@bbc.co.uk,Male,234.137.50.38
792,Wald,Horney,whorneylz@icq.com,Genderfluid,41.244.86.229
793,Granville,Roston,grostonm0@bravesites.com,Male,66.52.86.67
794,Hedwig,Tetther,htettherm1@shinystat.com,Female,46.114.61.230
795,Whit,Whyte,wwhytem2@sun.com,Male,90.64.227.207
796,Lola,McNally,lmcnallym3@xinhuanet.com,Genderfluid,96.28.220.53
797,Alyosha,Yeoman,ayeomanm4@google.ca,Male,163.8.113.237
798,Raine,Ruslin,rruslinm5@tumblr.com,Bigender,53.211.112.108
799,Vinny,Janousek,vjanousekm6@hao123.com,Female,175.42.220.4
800,Den,De Fraine,ddefrainem7@ihg.com,Male,86.244.55.255
801,Giovanni,Stockhill,gstockhillm8@behance.net,Male,71.125.185.161
802,Josefina,Valadez,jvaladezm9@issuu.com,Female,106.162.143.249
803,Court,Peppard,cpeppardma@tripadvisor.com,Male,142.217.56.168
804,Vachel,Maskrey,vmaskreymb@livejournal.com,Male,207.160.181.212
805,Timotheus,Griswood,tgriswoodmc@over-blog.com,Male,42.67.111.235
806,Dallas,Jahndel,djahndelmd@cbc.ca,Male,8.242.102.12
807,Juieta,Blackie,jblackieme@gravatar.com,Female,145.38.222.96
808,Waldo,Raselles,wrasellesmf@intel.com,Male,149.179.115.162
809,Lyman,Lidgate,llidgatemg@angelfire.com,Male,106.254.35.138
810,Merry,Gornar,mgornarmh@smugmug.com,Female,83.91.196.151
811,Aurelie,Puller,apullermi@addthis.com,Female,79.162.211.78
812,Paulie,Frany,pfranymj@cisco.com,Male,102.9.227.14
813,Lemmie,Popelay,lpopelaymk@dropbox.com,Male,87.156.37.82
814,Larry,Porch,lporchml@wix.com,Male,229.9.185.53
815,Cathe,Rapsey,crapseymm@phoca.cz,Female,166.114.236.247
816,Rona,Teather,rteathermn@bizjournals.com,Non-binary,110.84.209.142
817,Cristionna,Roughsedge,croughsedgemo@nymag.com,Female,191.164.132.32
818,Augusta,Connikie,aconnikiemp@blog.com,Non-binary,76.54.252.121
819,Piotr,Rosbottom,prosbottommq@csmonitor.com,Male,126.155.72.133
820,Clotilda,Beel,cbeelmr@newyorker.com,Genderqueer,74.244.53.112
821,Ivett,Mowsdale,imowsdalems@ibm.com,Female,26.159.33.113
822,Jerrie,Combes,jcombesmt@moonfruit.com,Female,0.69.191.241
823,Ring,Glamart,rglamartmu@symantec.com,Bigender,199.218.89.142
824,Irwin,Syddall,isyddallmv@i2i.jp,Non-binary,246.118.240.103
825,Skipper,Slack,sslackmw@constantcontact.com,Male,60.225.15.18
826,Sarette,MacNeely,smacneelymx@bravesites.com,Female,18.204.249.21
827,Wini,Skedgell,wskedgellmy@newyorker.com,Female,251.122.131.77
828,Madelyn,Driscoll,mdriscollmz@columbia.edu,Female,204.183.91.213
829,Patrizius,Mansour,pmansourn0@pbs.org,Male,252.59.253.173
830,Cosmo,Cleef,ccleefn1@hao123.com,Male,130.181.66.199
831,Deva,Frisdick,dfrisdickn2@cargocollective.com,Female,47.231.34.231
832,Rock,Goldbourn,rgoldbournn3@blogtalkradio.com,Male,101.153.149.240
833,Bamby,Twelftree,btwelftreen4@privacy.gov.au,Female,80.80.0.123
834,Millie,Snyder,msnydern5@businesswire.com,Female,184.120.127.61
835,Charil,Cutcliffe,ccutcliffen6@ezinearticles.com,Female,193.11.84.12
836,Trey,Tomadoni,ttomadonin7@rambler.ru,Male,197.222.42.14
837,Christian,Das,cdasn8@hibu.com,Male,171.90.124.11
838,Wynne,Petracco,wpetraccon9@fda.gov,Female,3.248.26.181
839,Blinnie,Lofty,bloftyna@i2i.jp,Female,111.140.195.99
840,Mathian,Greim,mgreimnb@cisco.com,Male,112.113.250.89
841,Kaia,Elner,kelnernc@networksolutions.com,Female,102.223.76.160
842,Adelaide,Longmead,alongmeadnd@hugedomains.com,Female,24.160.109.47
843,Daphne,Harriman,dharrimanne@wisc.edu,Female,33.232.137.10
844,Bibbye,Borrill,bborrillnf@pen.io,Female,220.218.169.166
845,Nicoline,Yewdall,nyewdallng@merriam-webster.com,Female,241.161.72.194
846,Coralyn,Shenton,cshentonnh@paypal.com,Bigender,149.47.222.153
847,Gillan,Adamski,gadamskini@webnode.com,Female,190.166.97.75
848,Tamarah,Baroux,tbarouxnj@springer.com,Female,92.24.50.161
849,Gavrielle,Cockburn,gcockburnnk@ihg.com,Female,106.181.182.139
850,Helenka,Gallafant,hgallafantnl@house.gov,Female,164.96.62.209
851,Parke,Adiscot,padiscotnm@wikia.com,Male,128.99.255.156
852,Decca,Sackler,dsacklernn@a8.net,Male,187.128.64.142
853,Adrian,MacGaughy,amacgaughyno@gov.uk,Male,61.172.218.3
854,Ricki,Melan,rmelannp@technorati.com,Male,53.109.4.20
855,Melonie,Thatcher,mthatchernq@drupal.org,Female,116.193.6.58
856,Doralynne,Jodrellec,djodrellecnr@state.gov,Non-binary,13.43.167.185
857,Deana,Load,dloadns@opensource.org,Female,79.227.178.74
858,Man,Annand,mannandnt@spiegel.de,Male,209.253.91.92
859,Eleonora,Miranda,emirandanu@boston.com,Female,41.51.51.26
860,Margarita,Blasdale,mblasdalenv@oracle.com,Female,36.80.146.126
861,Jermain,Broomhall,jbroomhallnw@unicef.org,Male,179.25.30.133
862,Chantal,Ouldred,couldrednx@ucoz.com,Female,132.49.142.58
863,Jerrie,Wais,jwaisny@netlog.com,Bigender,95.22.247.171
864,Vito,Lycett,vlycettnz@blinklist.com,Male,145.11.116.85
865,Leeland,Vakhrushin,lvakhrushino0@i2i.jp,Non-binary,102.8.141.108
866,Michaelina,Janaud,mjanaudo1@businessweek.com,Female,124.197.85.181
867,Esra,Klewer,eklewero2@amazon.co.uk,Male,101.226.213.79
868,Leonore,Perazzo,lperazzoo3@ox.ac.uk,Female,215.245.230.52
869,Tera,Kendal,tkendalo4@exblog.jp,Female,31.135.167.202
870,Addie,St. Quintin,astquintino5@geocities.jp,Female,177.207.36.147
871,Dale,Hare,dhareo6@topsy.com,Female,133.49.252.74
872,Olive,Ebsworth,oebswortho7@a8.net,Bigender,95.94.182.1
873,Emerson,Revie,erevieo8@blog.com,Male,46.102.243.133
874,Debbie,Barthropp,dbarthroppo9@bbb.org,Female,144.61.81.123
875,Patrice,Najafian,pnajafianoa@dyndns.org,Female,10.176.137.147
876,Dene,Habard,dhabardob@studiopress.com,Male,141.209.231.43
877,Fayre,MacElane,fmacelaneoc@cmu.edu,Female,197.78.68.198
878,Adella,Maclean,amacleanod@eepurl.com,Agender,170.37.214.185
879,Marven,Foucar,mfoucaroe@thetimes.co.uk,Male,212.93.31.223
880,Sharla,Hayler,shaylerof@chron.com,Female,147.142.221.183
881,Emili,Kingswood,ekingswoodog@1und1.de,Female,251.71.67.173
882,Abbie,Caseborne,acaseborneoh@jimdo.com,Female,150.124.36.182
883,Freida,Targett,ftargettoi@ow.ly,Female,41.30.156.44
884,Richmond,Reppaport,rreppaportoj@g.co,Male,205.150.196.228
885,Curtice,Guihen,cguihenok@behance.net,Male,236.241.189.109
886,Harvey,Jentle,hjentleol@xing.com,Male,175.40.207.45
887,Daryle,Tyres,dtyresom@mapy.cz,Male,239.42.45.11
888,Davie,Grolle,dgrolleon@google.com,Genderfluid,7.51.96.129
889,Priscella,Cocksedge,pcocksedgeoo@issuu.com,Bigender,29.200.201.144
890,Jerry,Lambertz,jlambertzop@amazon.com,Male,160.79.158.158
891,Andonis,Ding,adingoq@narod.ru,Male,118.205.22.52
892,Lynnea,Airton,lairtonor@ftc.gov,Female,86.59.40.6
893,Suzi,Tatton,stattonos@clickbank.net,Female,103.214.61.232
894,Rene,Clabburn,rclabburnot@elpais.com,Non-binary,118.101.88.60
895,Dorthy,Haggart,dhaggartou@shop-pro.jp,Female,20.133.219.247
896,Rowena,Worster,rworsterov@oakley.com,Female,107.101.145.141
897,Miner,Buckthought,mbuckthoughtow@craigslist.org,Male,164.221.205.154
898,Flemming,Dow,fdowox@vkontakte.ru,Male,122.150.176.59
899,Ludwig,Catonnet,lcatonnetoy@cdbaby.com,Male,126.153.33.120
900,Dilly,Bulfoy,dbulfoyoz@berkeley.edu,Male,42.196.176.252
901,Estrella,Steeden,esteedenp0@qq.com,Female,182.50.124.141
902,Ilyse,Dimmer,idimmerp1@nifty.com,Female,158.216.191.219
903,Shara,Inkpen,sinkpenp2@patch.com,Female,3.172.241.232
904,Gianna,Summersett,gsummersettp3@squidoo.com,Female,242.104.120.243
905,Auroora,Nudds,anuddsp4@lulu.com,Female,147.241.187.208
906,Lisbeth,Attwool,lattwoolp5@cbslocal.com,Female,208.175.201.113
907,Jeffry,Kingescot,jkingescotp6@deviantart.com,Male,8.52.19.148
908,Virgilio,Axon,vaxonp7@google.cn,Male,85.218.97.127
909,Jerad,Erie,jeriep8@usgs.gov,Male,36.115.99.249
910,Curtis,Code,ccodep9@forbes.com,Male,18.116.38.74
911,Florida,Di Frisco,fdifriscopa@theatlantic.com,Female,2.163.49.0
912,Huey,Rash,hrashpb@nbcnews.com,Male,74.78.217.177
913,Gray,Franceschielli,gfranceschiellipc@flickr.com,Female,23.192.125.32
914,Alfie,Buffham,abuffhampd@aol.com,Male,2.247.196.106
915,Elaina,Durston,edurstonpe@yelp.com,Female,193.86.242.167
916,Sebastian,Verzey,sverzeypf@icq.com,Male,198.148.201.115
917,Sib,Bonny,sbonnypg@live.com,Female,244.157.155.155
918,Ulysses,Siggin,usigginph@huffingtonpost.com,Male,7.163.94.17
919,Marylynne,Hanham,mhanhampi@flickr.com,Female,111.15.43.197
920,Gracia,Carbonell,gcarbonellpj@cmu.edu,Female,133.169.51.82
921,Darrelle,Heady,dheadypk@engadget.com,Female,130.74.192.114
922,Denna,Lally,dlallypl@vistaprint.com,Female,89.102.18.54
923,Rob,Canellas,rcanellaspm@vimeo.com,Male,119.143.145.67
924,Lilith,Dunthorn,ldunthornpn@amazon.de,Bigender,233.167.218.156
925,Patricio,Wenden,pwendenpo@un.org,Male,221.14.30.118
926,Mignonne,Leman,mlemanpp@ning.com,Polygender,46.95.174.186
927,Jereme,Ridder,jridderpq@altervista.org,Male,251.15.75.76
928,Tye,Stitson,tstitsonpr@sourceforge.net,Male,156.204.248.145
929,Joly,Suett,jsuettps@devhub.com,Female,166.253.94.108
930,Trever,Lembke,tlembkept@exblog.jp,Male,1.1.255.113
931,Phil,Alwood,palwoodpu@dot.gov,Male,46.201.85.114
932,Loella,Paoloni,lpaolonipv@addtoany.com,Female,61.231.211.197
933,Yoshiko,Enriquez,yenriquezpw@blinklist.com,Female,108.151.127.76
934,Samaria,Weddeburn - Scrimgeour,sweddeburnscrimgeourpx@google.nl,Female,164.235.54.40
935,Burt,Bernlin,bbernlinpy@zimbio.com,Male,107.245.145.237
936,Gallard,Kniveton,gknivetonpz@washington.edu,Male,74.212.143.240
937,Stanley,Favill,sfavillq0@usatoday.com,Male,252.23.86.31
938,Ethe,Di Domenico,edidomenicoq1@un.org,Male,87.70.36.102
939,Jobie,Coke,jcokeq2@imgur.com,Female,230.65.48.88
940,Betteanne,Learmonth,blearmonthq3@archive.org,Female,238.201.229.15
941,Carlita,Ward,cwardq4@flavors.me,Female,40.28.167.125
942,Renata,Ludman,rludmanq5@rakuten.co.jp,Female,79.123.202.139
943,Kay,Siward,ksiwardq6@godaddy.com,Female,209.156.69.126
944,Costanza,Matthewes,cmatthewesq7@skype.com,Female,37.180.177.18
945,Vinni,Lawes,vlawesq8@xrea.com,Female,214.95.109.91
946,Caspar,Royste,croysteq9@blogs.com,Male,158.244.199.255
947,Octavia,Shillum,oshillumqa@oaic.gov.au,Female,193.227.205.72
948,Merrick,Inglis,minglisqb@slashdot.org,Male,164.9.40.244
949,Jackqueline,Schiersch,jschierschqc@wordpress.org,Bigender,115.80.56.107
950,Roxana,Arling,rarlingqd@de.vu,Female,71.119.67.218
951,Marylee,Daunay,mdaunayqe@economist.com,Female,237.103.144.13
952,Bev,Eastbrook,beastbrookqf@technorati.com,Male,251.229.215.62
953,Derek,Gecke,dgeckeqg@answers.com,Male,204.196.55.54
954,Kiri,O'Feeny,kofeenyqh@angelfire.com,Female,13.50.141.25
955,Marven,Ruddiman,mruddimanqi@disqus.com,Male,131.182.148.232
956,Lemmy,ffrench Beytagh,lffrenchbeytaghqj@networksolutions.com,Male,64.84.157.54
957,Aksel,Haylands,ahaylandsqk@cbslocal.com,Male,155.155.83.84
958,Tessa,Radenhurst,tradenhurstql@tamu.edu,Female,136.27.142.12
959,Cathlene,Bensley,cbensleyqm@engadget.com,Female,196.105.207.48
960,Fifi,Whiley,fwhileyqn@mac.com,Female,106.66.106.244
961,Danielle,Grishanin,dgrishaninqo@barnesandnoble.com,Female,199.98.19.122
962,Winnie,Bouzan,wbouzanqp@cloudflare.com,Female,134.58.201.197
963,Galina,Gerrish,ggerrishqq@constantcontact.com,Female,118.212.35.218
964,Kerwinn,Hasnney,khasnneyqr@tiny.cc,Genderfluid,7.38.66.188
965,Terrel,Dingwall,tdingwallqs@uiuc.edu,Male,26.121.239.32
966,Griffin,Baum,gbaumqt@ca.gov,Male,195.253.103.189
967,Vidovik,Hewson,vhewsonqu@weebly.com,Male,32.94.97.125
968,Gale,Kiff,gkiffqv@webs.com,Male,80.182.54.148
969,Nelie,Hullyer,nhullyerqw@miibeian.gov.cn,Female,62.240.117.133
970,Liuka,Mansford,lmansfordqx@wordpress.org,Female,191.20.68.153
971,Elisabetta,Cholwell,echolwellqy@shop-pro.jp,Female,104.156.111.178
972,Fransisco,Camellini,fcamelliniqz@discovery.com,Male,69.45.54.137
973,Nickolas,Brewse,nbrewser0@foxnews.com,Male,227.184.75.13
974,Jammal,Billyard,jbillyardr1@auda.org.au,Male,67.103.140.135
975,Christoph,Baldrick,cbaldrickr2@discovery.com,Male,14.241.167.144
976,Maribel,Brafferton,mbraffertonr3@themeforest.net,Female,198.84.45.163
977,Danika,O'Moylan,domoylanr4@xrea.com,Genderfluid,50.83.128.54
978,Terrence,Oswald,toswaldr5@shareasale.com,Male,171.126.129.192
979,Coletta,Menichini,cmenichinir6@rediff.com,Polygender,193.144.243.239
980,Rhonda,Harrad,rharradr7@naver.com,Female,122.50.71.77
981,John,Honniebal,jhonniebalr8@weibo.com,Non-binary,208.187.141.185
982,Antonin,Serris,aserrisr9@gnu.org,Male,41.220.40.128
983,Bernie,Jowsey,bjowseyra@dot.gov,Male,229.146.223.26
984,Lawrence,Dumbarton,ldumbartonrb@craigslist.org,Male,181.155.210.153
985,Fabio,Stivers,fstiversrc@people.com.cn,Male,193.158.59.93
986,Arin,Isworth,aisworthrd@va.gov,Male,32.25.252.75
987,Alec,Greder,agrederre@nbcnews.com,Non-binary,223.214.153.184
988,Mirabella,Creyke,mcreykerf@time.com,Female,205.181.45.104
989,Zackariah,Poynzer,zpoynzerrg@pcworld.com,Male,32.53.229.190
990,Kerstin,Borg-Bartolo,kborgbartolorh@aboutads.info,Female,96.144.241.35
991,Netta,Brownsett,nbrownsettri@altervista.org,Female,42.98.52.158
992,Inglebert,Scurman,iscurmanrj@cnn.com,Male,233.196.180.224
993,Keir,Durand,kdurandrk@seesaa.net,Male,136.62.197.238
994,Ethyl,Short,eshortrl@dedecms.com,Female,22.63.73.227
995,Padraig,Pilkinton,ppilkintonrm@shutterfly.com,Male,158.95.71.183
996,Jobi,MacGarrity,jmacgarrityrn@sourceforge.net,Female,160.52.5.111
997,Luciano,Gouda,lgoudaro@networksolutions.com,Male,145.153.136.20
998,Tamiko,Sherrin,tsherrinrp@macromedia.com,Female,133.108.221.251
999,Thia,Womack,twomackrq@jigsy.com,Non-binary,12.113.243.134
1000,Zacharias,Radsdale,zradsdalerr@xrea.com,Male,130.244.136.149
